-- BAYC-Themed Seed Data for Read, Listen, Watch Pages

-- Insert Music Albums (5 albums)
INSERT INTO music_albums (id, title, artist, cover_path, description, release_date)
VALUES
  ('a1000001-0000-0000-0000-000000000001', 'Yacht Club Vibes', 'Bored Ape DJ Collective', 'https://picsum.photos/seed/bayc-album1/400/400', 'The official soundtrack of the Bored Ape Yacht Club', '2025-01-15'),
  ('a1000001-0000-0000-0000-000000000002', 'Mutant Sessions Vol. 1', 'Mutant Ape Soundz', 'https://picsum.photos/seed/mayc-album/400/400', 'Experimental beats from the Mutant Ape community', '2025-01-10'),
  ('a1000001-0000-0000-0000-000000000003', 'Otherside Frequencies', 'Koda Orchestra', 'https://picsum.photos/seed/otherside-album/400/400', 'Ambient soundscapes from the Otherside metaverse', '2025-01-05'),
  ('a1000001-0000-0000-0000-000000000004', 'ApeFest Live 2025', 'Various Artists', 'https://picsum.photos/seed/apefest-album/400/400', 'Live recordings from ApeFest Las Vegas 2025', '2025-01-20'),
  ('a1000001-0000-0000-0000-000000000005', 'Genesis Collection', 'BAYC All-Stars', 'https://picsum.photos/seed/genesis-album/400/400', 'Celebrating the origins of the Bored Ape Yacht Club', '2025-01-01');

-- Insert Music Tracks (15 tracks)
INSERT INTO music_tracks (title, artist, cover_path, audio_path, price, artist_wallet, description, duration, album_id)
VALUES
  ('ApeCoin Anthem', 'Bored Ape DJ Collective', 'https://picsum.photos/seed/bayc-track1/400/400', NULL, 0.002, '0x1234567890abcdef1234567890abcdef12345678', 'The official ApeCoin community anthem', 245, 'a1000001-0000-0000-0000-000000000001'),
  ('Swamp Club (Mutant Mix)', 'Mutant Ape Soundz', 'https://picsum.photos/seed/bayc-track2/400/400', NULL, 0.003, '0x2345678901abcdef2345678901abcdef23456789', 'Deep swampy bass from the Mutant Ape ecosystem', 198, 'a1000001-0000-0000-0000-000000000002'),
  ('Otherside Dreams', 'Koda Orchestra', 'https://picsum.photos/seed/bayc-track3/400/400', NULL, 0.001, '0x3456789012abcdef3456789012abcdef34567890', 'Ethereal melodies from the Otherside metaverse', 312, 'a1000001-0000-0000-0000-000000000003'),
  ('10K Strong', 'BAYC All-Stars', 'https://picsum.photos/seed/bayc-track4/400/400', NULL, 0.002, '0x4567890123abcdef4567890123abcdef45678901', 'Celebrating the 10,000 Bored Apes', 267, 'a1000001-0000-0000-0000-000000000005'),
  ('Diamond Hands Forever', 'HODLers United', 'https://picsum.photos/seed/bayc-track5/400/400', NULL, 0.002, '0x5678901234abcdef5678901234abcdef56789012', 'An anthem for those who never sell', 223, 'a1000001-0000-0000-0000-000000000001'),
  ('Serum Saga', 'Mutant Ape Soundz', 'https://picsum.photos/seed/bayc-track6/400/400', NULL, 0.004, '0x6789012345abcdef6789012345abcdef67890123', 'The story of transformation through serum', 289, 'a1000001-0000-0000-0000-000000000002'),
  ('Koda''s Lullaby', 'Koda Orchestra', 'https://picsum.photos/seed/bayc-track7/400/400', NULL, 0.001, '0x7890123456abcdef7890123456abcdef78901234', 'A gentle melody from the mysterious Kodas', 256, 'a1000001-0000-0000-0000-000000000003'),
  ('Gas Fees Blues', 'Crypto Collective', 'https://picsum.photos/seed/bayc-track8/400/400', NULL, 0.003, '0x8901234567abcdef8901234567abcdef89012345', 'When gas is high but you gotta mint', 187, 'a1000001-0000-0000-0000-000000000004'),
  ('Yacht Party All Night', 'Bored Ape DJ Collective', 'https://picsum.photos/seed/bayc-track9/400/400', NULL, 0.002, '0x9012345678abcdef9012345678abcdef90123456', 'The ultimate yacht club party track', 298, 'a1000001-0000-0000-0000-000000000001'),
  ('BAYC Genesis', 'BAYC All-Stars', 'https://picsum.photos/seed/bayc-track10/400/400', NULL, 0.005, '0xa123456789abcdefa123456789abcdefa1234567', 'The origin story in sound', 334, 'a1000001-0000-0000-0000-000000000005'),
  ('Degen Summer', 'ApeFest Crew', 'https://picsum.photos/seed/bayc-track11/400/400', NULL, 0.002, '0xb234567890abcdefb234567890abcdefb2345678', 'Vibes from the hottest NFT summer', 212, 'a1000001-0000-0000-0000-000000000004'),
  ('Floor Price Feelings', 'Diamond Hands Duo', 'https://picsum.photos/seed/bayc-track12/400/400', NULL, 0.003, '0xc345678901abcdefc345678901abcdefc3456789', 'Emotional journey of watching the floor', 245, 'a1000001-0000-0000-0000-000000000001'),
  ('The Swap Shop', 'NFT Traders', 'https://picsum.photos/seed/bayc-track13/400/400', NULL, 0.002, '0xd456789012abcdefd456789012abcdefd4567890', 'Trading culture meets electronic beats', 276, 'a1000001-0000-0000-0000-000000000004'),
  ('Ape Together Strong', 'Community Collective', 'https://picsum.photos/seed/bayc-track14/400/400', NULL, 0.001, '0xe567890123abcdefe567890123abcdefe5678901', 'United we stand, apes together', 198, 'a1000001-0000-0000-0000-000000000005'),
  ('Moonwalk on Otherside', 'Koda Orchestra', 'https://picsum.photos/seed/bayc-track15/400/400', NULL, 0.004, '0xf678901234abcdeff678901234abcdeff6789012', 'Exploring the vast Otherside landscape', 321, 'a1000001-0000-0000-0000-000000000003');

-- Insert Music Videos (12 videos)
INSERT INTO music_videos (title, artist, description, thumbnail_path, video_path, artist_wallet, price, duration, is_livestream)
VALUES
  ('ApeFest 2025 Las Vegas Recap', 'ApeFest Official', 'Highlights from the biggest BAYC event of the year', 'https://picsum.photos/seed/apefest-vid1/800/450', '/videos/unitrailer.mov', '0x1234567890abcdef1234567890abcdef12345678', 0.005, 420, false),
  ('Mutant Ape Transformation', 'Yuga Labs', 'Watch the serum transform a Bored Ape into a Mutant', 'https://picsum.photos/seed/mutant-vid/800/450', '/videos/live-from-lagos.mov', '0x2345678901abcdef2345678901abcdef23456789', 0.004, 180, false),
  ('The Story of BAYC', 'Yuga Labs Documentary', 'The complete origin story of the Bored Ape Yacht Club', 'https://picsum.photos/seed/bayc-story/800/450', '/videos/escape-from-planet-universal.mov', '0x3456789012abcdef3456789012abcdef34567890', 0.008, 1800, false),
  ('Building ApeChain', 'Yuga Labs Tech', 'Behind the scenes of creating the entertainment blockchain', 'https://picsum.photos/seed/apechain-vid/800/450', '/videos/unitrailer.mov', '0x4567890123abcdef4567890123abcdef45678901', 0.006, 900, false),
  ('Live from ApeFest Las Vegas', 'Bored Ape DJ Collective', 'Full live performance from ApeFest main stage', 'https://picsum.photos/seed/apefest-live/800/450', '/videos/live-from-lagos.mov', '0x5678901234abcdef5678901234abcdef56789012', 0.007, 3600, false),
  ('Inside Yuga Labs', 'Yuga Labs', 'Exclusive tour of the Yuga Labs headquarters', 'https://picsum.photos/seed/yuga-inside/800/450', '/videos/escape-from-planet-universal.mov', '0x6789012345abcdef6789012345abcdef67890123', 0.005, 720, false),
  ('ApeDAO Weekly Town Hall', 'ApeCoin DAO', 'Live governance discussion with the community', 'https://picsum.photos/seed/apedao-live/800/450', '/videos/unitrailer.mov', '0x7890123456abcdef7890123456abcdef78901234', 0.002, 0, true),
  ('Otherside Land Sale Live', 'Yuga Labs', 'Watch the historic Otherside land sale unfold', 'https://picsum.photos/seed/otherside-live/800/450', '/videos/live-from-lagos.mov', '0x8901234567abcdef8901234567abcdef89012345', 0.003, 0, true),
  ('Koda Origins Revealed', 'Otherside Team', 'The mysterious Kodas and their role in Otherside', 'https://picsum.photos/seed/koda-origins/800/450', '/videos/escape-from-planet-universal.mov', '0x9012345678abcdef9012345678abcdef90123456', 0.005, 540, false),
  ('ApeCoin Economics Explained', 'ApeCoin Foundation', 'Understanding the tokenomics of ApeCoin', 'https://picsum.photos/seed/apecoin-econ/800/450', '/videos/unitrailer.mov', '0xa123456789abcdefa123456789abcdefa1234567', 0.004, 600, false),
  ('BAYC x BMW Collaboration', 'Yuga Labs x BMW', 'The groundbreaking partnership between BAYC and BMW', 'https://picsum.photos/seed/bayc-bmw/800/450', '/videos/live-from-lagos.mov', '0xb234567890abcdefb234567890abcdefb2345678', 0.006, 480, false),
  ('Ape Culture Documentary', 'NFT Films', 'How Bored Apes became a cultural phenomenon', 'https://picsum.photos/seed/ape-culture/800/450', '/videos/escape-from-planet-universal.mov', '0xc345678901abcdefc345678901abcdefc3456789', 0.008, 2400, false);

-- Insert Articles (10 articles)
INSERT INTO articles (title, author, excerpt, image_url, tags, topics, url, body_text)
VALUES
  ('The Rise of BAYC: From 0.08 ETH to Cultural Phenomenon', 'CryptoVision', 'How 10,000 cartoon apes became the most valuable NFT collection in history and spawned a billion-dollar ecosystem.', 'https://picsum.photos/seed/bayc-article1/800/600', ARRAY['BAYC', 'NFT', 'Web3'], ARRAY['NFT History', 'Digital Art'], 'https://example.com/rise-of-bayc', 'The Bored Ape Yacht Club started as a simple idea: 10,000 unique, programmatically generated apes living on the Ethereum blockchain. What happened next would redefine digital ownership forever...'),
  ('ApeChain Explained: The Entertainment Layer of Web3', 'BlockchainToday', 'Yuga Labs unveils ApeChain, a new Layer 2 blockchain designed specifically for entertainment and gaming applications.', 'https://picsum.photos/seed/bayc-article2/800/600', ARRAY['ApeChain', 'Blockchain', 'Yuga Labs'], ARRAY['Technology', 'Gaming'], 'https://example.com/apechain-explained', 'ApeChain represents Yuga Labs'' vision for a decentralized entertainment future. Built as a Layer 2 solution, it promises faster transactions and lower fees while maintaining the security of Ethereum...'),
  ('ApeCoin Utility: Beyond Just a Token', 'NFT Insights', 'Exploring the expanding ecosystem of ApeCoin and its growing list of use cases beyond simple transactions.', 'https://picsum.photos/seed/bayc-article3/800/600', ARRAY['ApeCoin', 'Cryptocurrency', 'DeFi'], ARRAY['Tokenomics', 'Finance'], 'https://example.com/apecoin-utility', 'When ApeCoin launched, many wondered what utility a governance token could have. Today, APE powers an entire ecosystem of games, merchandise, and experiences...'),
  ('Otherside Metaverse: The Next Digital Frontier', 'MetaverseNews', 'Inside Yuga Labs'' ambitious metaverse project that could change how we think about virtual worlds and digital land.', 'https://picsum.photos/seed/bayc-article4/800/600', ARRAY['Otherside', 'Metaverse', 'Virtual Land'], ARRAY['Metaverse', 'Gaming'], 'https://example.com/otherside-frontier', 'Otherside isn''t just another metaverse project. With Yuga Labs at the helm and major gaming studios involved, this could be the first truly interoperable virtual world...'),
  ('BAYC x BMW: When Web3 Meets Automotive', 'TechCrunch Web3', 'BMW becomes the latest major brand to embrace NFT culture with their Bored Ape partnership.', 'https://picsum.photos/seed/bayc-article5/800/600', ARRAY['BMW', 'Partnerships', 'Brand Collaboration'], ARRAY['Business', 'Marketing'], 'https://example.com/bayc-bmw', 'The collaboration between BAYC and BMW represents a new era of brand partnerships, where digital ownership and real-world utility converge...'),
  ('The Mutant Ape Serum: Mechanics and Rarity', 'NFT Analytics', 'A deep dive into the serum mechanics that created the Mutant Ape Yacht Club and the rarity tiers involved.', 'https://picsum.photos/seed/bayc-article6/800/600', ARRAY['MAYC', 'Serum', 'Rarity'], ARRAY['Collectibles', 'Analysis'], 'https://example.com/mutant-serum', 'When Yuga Labs airdropped serums to BAYC holders, it created one of the most innovative NFT mechanics in the space. Here''s how it worked...'),
  ('Yuga Labs: Building the Future of Digital Ownership', 'Forbes Crypto', 'How a small team turned cartoon apes into a multi-billion dollar empire and what comes next.', 'https://picsum.photos/seed/bayc-article7/800/600', ARRAY['Yuga Labs', 'Business', 'Leadership'], ARRAY['Entrepreneurship', 'Technology'], 'https://example.com/yuga-labs-future', 'From a small project launched by four pseudonymous founders to acquiring CryptoPunks and Meebits, Yuga Labs has become the undisputed leader in NFTs...'),
  ('ApeFest Through the Years: A Visual Journey', 'Event Magazine', 'From the first intimate gathering to Las Vegas spectacles, ApeFest has evolved into the premier NFT event.', 'https://picsum.photos/seed/bayc-article8/800/600', ARRAY['ApeFest', 'Events', 'Community'], ARRAY['Culture', 'Entertainment'], 'https://example.com/apefest-journey', 'ApeFest started as a small meetup in New York City. Today, it''s a multi-day festival with performances from major artists and celebrity appearances...'),
  ('Koda NFTs: The Mysterious Creatures of Otherside', 'NFT World', 'Everything we know about the Kodas, the mysterious beings that inhabit the Otherside metaverse.', 'https://picsum.photos/seed/bayc-article9/800/600', ARRAY['Koda', 'Otherside', 'Lore'], ARRAY['Gaming', 'Collectibles'], 'https://example.com/koda-mystery', 'Kodas are more than just companions in Otherside. These mysterious creatures hold the key to understanding the lore of this expansive metaverse...'),
  ('How BAYC Changed NFT Community Building Forever', 'Web3 Weekly', 'The blueprint for building engaged communities that BAYC established and others now follow.', 'https://picsum.photos/seed/bayc-article10/800/600', ARRAY['Community', 'Strategy', 'Web3'], ARRAY['Marketing', 'Social'], 'https://example.com/bayc-community', 'Before BAYC, NFT projects were about art. After BAYC, they became about community. Here''s how the Bored Ape team created the template everyone follows...');